gene,degree,method,subtype
col6a3,44,MIIC,basal
akr1c2,14,MIIC,basal
pdgfrb,43,MIIC,basal
col12a1,26,MIIC,basal
adgra2,34,MIIC,basal
heyl,25,MIIC,basal
ppp2cb,23,MIIC,basal
bmp4,33,MIIC,basal
mmp11,23,MIIC,basal
nr2f1,43,MIIC,basal
eif4e,52,MIIC,basal
cdkn1b,15,MIIC,basal
jak1,49,MIIC,basal
mmp19,17,MIIC,basal
adam10,37,MIIC,basal
ar,41,MIIC,basal
map2k1,29,MIIC,basal
epcam,20,MIIC,basal
rad51,35,MIIC,basal
dab2,43,MIIC,basal
mecom,28,MIIC,basal
mapk14,28,MIIC,basal
ackr3,22,MIIC,basal
itgav,42,MIIC,basal
acvrl1,25,MIIC,basal
casp8,18,MIIC,basal
dll1,25,MIIC,basal
arid1a,29,MIIC,basal
hey1,12,MIIC,basal
pik3r1,25,MIIC,basal
abcc10,29,MIIC,basal
cbfb,23,MIIC,basal
acvr2b,21,MIIC,basal
hsd3b1,8,MIIC,basal
csf1r,13,MIIC,basal
acvr2a,8,MIIC,basal
ncoa2,24,MIIC,basal
cdk6,16,MIIC,basal
nf2,27,MIIC,basal
frmd3,24,MIIC,basal
akt1,27,MIIC,basal
erbb4,17,MIIC,basal
ccne1,25,MIIC,basal
foxo3,16,MIIC,basal
mmp16,4,MIIC,basal
ccnd2,26,MIIC,basal
erbb2,8,MIIC,basal
acvr1b,9,MIIC,basal
ctbp2,7,MIIC,basal
ptprm,10,MIIC,basal
bcl2l1,13,MIIC,basal
kdm3a,19,MIIC,basal
ccnb1,19,MIIC,basal
gsk3b,12,MIIC,basal
rad51c,24,MIIC,basal
cxcr1,6,MIIC,basal
map3k1,15,MIIC,basal
ctnna1,26,MIIC,basal
akt1s1,13,MIIC,basal
cacna2d3,20,MIIC,basal
acvr1,20,MIIC,basal
fgf1,19,MIIC,basal
mapk6,17,MIIC,basal
adam17,23,MIIC,basal
jag1,15,MIIC,basal
pten,18,MIIC,basal
dll3,6,MIIC,basal
ccnd3,2,MIIC,basal
igf1,11,MIIC,basal
runx1,34,MIIC,basal
eif5a2,30,MIIC,basal
mmp13,23,MIIC,basal
kdm6a,17,MIIC,basal
cdk2,11,MIIC,basal
myc,45,MIIC,basal
pdgfra,28,MIIC,basal
map2k2,28,MIIC,basal
akap9,5,MIIC,basal
mmp7,19,MIIC,basal
rbl1,19,MIIC,basal
serpini1,26,MIIC,basal
fbxw7,11,MIIC,basal
ccnd1,7,MIIC,basal
hes2,6,MIIC,basal
myh9,8,MIIC,basal
pms2,37,MIIC,basal
foxp1,22,MIIC,basal
dll4,1,MIIC,basal
cdh1,3,MIIC,basal
notch3,14,MIIC,basal
hdac1,3,MIIC,basal
nfkb2,24,MIIC,basal
bmp5,6,MIIC,basal
nras,32,MIIC,basal
chd1,9,MIIC,basal
afdn,15,MIIC,basal
ncoa3,42,MIIC,basal
arid5b,13,MIIC,basal
asxl1,8,MIIC,basal
hsd17b6,34,MIIC,basal
gata3,13,MIIC,basal
map2k4,3,MIIC,basal
smad4,27,MIIC,basal
arid2,5,MIIC,basal
cyp19a1,5,MIIC,basal
e2f3,24,MIIC,basal
gdf11,9,MIIC,basal
kdr,1,MIIC,basal
asxl2,10,MIIC,basal
smad7,13,MIIC,basal
klrg1,10,MIIC,basal
kmt2d,12,MIIC,basal
map4,19,MIIC,basal
map3k5,8,MIIC,basal
cyp21a2,15,MIIC,basal
hsd17b7,3,MIIC,basal
palb2,15,MIIC,basal
stat5a,7,MIIC,basal
fancd2,13,MIIC,basal
prkg1,6,MIIC,basal
tbx3,11,MIIC,basal
mapk1,5,MIIC,basal
dlec1,2,MIIC,basal
mmp1,8,MIIC,basal
bmf,10,MIIC,basal
rps6kb2,18,MIIC,basal
cdkn1a,6,MIIC,basal
bmpr1a,6,MIIC,basal
hey2,16,MIIC,basal
ctcf,13,MIIC,basal
mtor,4,MIIC,basal
tnk2,12,MIIC,basal
map2,11,MIIC,basal
vegfa,8,MIIC,basal
rassf1,3,MIIC,basal
birc6,6,MIIC,basal
numbl,11,MIIC,basal
abcc1,5,MIIC,basal
pdgfa,12,MIIC,basal
mapk9,34,MIIC,basal
stat3,26,MIIC,basal
nrip1,5,MIIC,basal
mmp25,6,MIIC,basal
e2f6,1,MIIC,basal
notch2,7,MIIC,basal
ncor2,15,MIIC,basal
mmp3,15,MIIC,basal
fam20c,3,MIIC,basal
nr1i2,2,MIIC,basal
sf3b1,40,MIIC,basal
hdac9,8,MIIC,basal
akr1c4,19,MIIC,basal
shank2,4,MIIC,basal
hsd17b4,2,MIIC,basal
hdac2,12,MIIC,basal
ptk2,2,MIIC,basal
nt5e,25,MIIC,basal
herc2,3,MIIC,basal
nrarp,15,MIIC,basal
fn1,19,MIIC,basal
hras,5,MIIC,basal
hsd17b10,2,MIIC,basal
ncor1,9,MIIC,basal
map3k3,7,MIIC,basal
inha,2,MIIC,basal
ccna1,4,MIIC,basal
fas,9,MIIC,basal
mmp14,5,MIIC,basal
mapt,18,MIIC,basal
notch1,11,MIIC,basal
spaca1,1,MIIC,basal
smad1,7,MIIC,basal
spen,8,MIIC,basal
abcb11,4,MIIC,basal
l1cam,4,MIIC,basal
maml1,8,MIIC,basal
bmp7,2,MIIC,basal
inhbc,2,MIIC,basal
itgb3,1,MIIC,basal
folr1,2,MIIC,basal
mapk4,14,MIIC,basal
magea8,2,MIIC,basal
arid1b,2,MIIC,basal
cyp11a1,2,MIIC,basal
hsd17b3,1,MIIC,basal
eif4ebp1,7,MIIC,basal
cyp17a1,1,MIIC,basal
apaf1,1,MIIC,basal
maml3,4,MIIC,basal
dph1,5,MIIC,basal
pik3r3,1,MIIC,basal
cyp2c8,1,MIIC,basal
hsd17b14,4,MIIC,basal
src,20,MIIC,basal
rbpj,5,MIIC,basal
rasgef1b,3,MIIC,basal
men1,4,MIIC,basal
kdm5a,5,MIIC,basal
large1,4,MIIC,basal
hsd17b1,1,MIIC,basal
rab25,3,MIIC,basal
pbrm1,4,MIIC,basal
casp9,2,MIIC,basal
rpgr,5,MIIC,basal
gldc,2,MIIC,basal
hist1h2bc,4,MIIC,basal
raf1,4,MIIC,basal
setd2,2,MIIC,basal
mmp15,13,MIIC,basal
rbl2,24,MIIC,basal
ncstn,9,MIIC,basal
sdc4,5,MIIC,basal
peg3,17,MIIC,basal
smad6,9,MIIC,basal
stab2,4,MIIC,basal
mmp12,5,MIIC,basal
ptprd,13,MIIC,basal
tgfb3,55,MIIC,basal
psen2,10,MIIC,basal
slc19a1,10,MIIC,basal
stmn2,5,MIIC,basal
plagl1,6,MIIC,basal
jak2,3,MIIC,basal
zfp36l1,19,MIIC,basal
utrn,9,MIIC,basal
ttyh1,16,MIIC,basal
thsd7a,8,MIIC,basal
e2f4,2,MIIC,basal
erbb3,1,MIIC,basal
map2k5,2,MIIC,basal
tbl1xr1,12,MIIC,basal
thada,8,MIIC,basal
mlst8,1,MIIC,basal
ugt2b15,4,MIIC,basal
syne1,14,MIIC,basal
prkcq,6,MIIC,basal
tsc2,18,MIIC,basal
ubr5,4,MIIC,basal
spry2,1,MIIC,basal
smarcd1,7,MIIC,basal
stk11,9,MIIC,basal
zfyve9,1,MIIC,basal
ptpn22,4,MIIC,basal
sox9,11,MIIC,basal
vegfb,4,MIIC,basal
taf1,2,MIIC,basal
st7,3,MIIC,basal
nbn,2,MIIC,basal
sik1,1,MIIC,basal
tp53,2,MIIC,basal
wwox,4,MIIC,basal
nfkb1,1,MIIC,basal
pde4dip,6,MIIC,basal
hsd17b2,1,MIIC,basal
srd5a1,2,MIIC,basal
tubb4b,6,MIIC,basal
tgfbr3,2,MIIC,basal
mmp27,2,MIIC,basal
mmp17,2,MIIC,basal
smad2,3,MIIC,basal
tubb4a,1,MIIC,basal
folr3,1,MIIC,basal
arl11,2,MIIC,basal
mmp23b,1,MIIC,basal
inhba,1,MIIC,basal
gpr32,1,MIIC,basal
tubb1,1,MIIC,basal
akr1c2,43,MIIC,luma
col6a3,100,MIIC,luma
igf1,107,MIIC,luma
ccnd2,108,MIIC,luma
col12a1,60,MIIC,luma
adgra2,82,MIIC,luma
pdgfra,129,MIIC,luma
kdm3a,58,MIIC,luma
cdkn1b,66,MIIC,luma
fn1,56,MIIC,luma
casp8,103,MIIC,luma
ppp2cb,86,MIIC,luma
nt5e,106,MIIC,luma
mmp3,80,MIIC,luma
mapk14,70,MIIC,luma
adam10,73,MIIC,luma
acvr1,96,MIIC,luma
acvrl1,74,MIIC,luma
gsk3b,93,MIIC,luma
jak1,107,MIIC,luma
acvr2a,74,MIIC,luma
heyl,54,MIIC,luma
arid2,46,MIIC,luma
fas,104,MIIC,luma
pdgfrb,82,MIIC,luma
eif4e,125,MIIC,luma
fbxw7,92,MIIC,luma
epcam,77,MIIC,luma
notch1,72,MIIC,luma
mapk3,27,MIIC,luma
hey2,47,MIIC,luma
chd1,53,MIIC,luma
rassf1,17,MIIC,luma
hsd17b6,98,MIIC,luma
dab2,81,MIIC,luma
hey1,38,MIIC,luma
tnk2,122,MIIC,luma
smarcd1,88,MIIC,luma
ptk2,64,MIIC,luma
mlst8,71,MIIC,luma
foxo3,77,MIIC,luma
map2k2,128,MIIC,luma
sf3b1,87,MIIC,luma
abcc10,77,MIIC,luma
mmp19,59,MIIC,luma
fgf1,90,MIIC,luma
maml1,94,MIIC,luma
map2k4,43,MIIC,luma
ccnb1,59,MIIC,luma
akt1,81,MIIC,luma
spen,72,MIIC,luma
itgav,110,MIIC,luma
folr1,31,MIIC,luma
psen2,39,MIIC,luma
afdn,91,MIIC,luma
setd2,75,MIIC,luma
jag1,62,MIIC,luma
lifr,50,MIIC,luma
myc,76,MIIC,luma
arid5b,98,MIIC,luma
arid1a,64,MIIC,luma
cbfb,84,MIIC,luma
hsd17b7,45,MIIC,luma
kdm6a,53,MIIC,luma
ctcf,67,MIIC,luma
ncstn,83,MIIC,luma
asxl1,79,MIIC,luma
rad51c,67,MIIC,luma
bche,56,MIIC,luma
ccne1,52,MIIC,luma
acvr1b,51,MIIC,luma
birc6,64,MIIC,luma
map2k1,82,MIIC,luma
cxcr1,17,MIIC,luma
nfkb2,62,MIIC,luma
akt1s1,88,MIIC,luma
asxl2,86,MIIC,luma
ackr3,71,MIIC,luma
cdk2,30,MIIC,luma
abcc1,47,MIIC,luma
ncoa3,71,MIIC,luma
mmp14,31,MIIC,luma
bcl2l1,49,MIIC,luma
mmp16,17,MIIC,luma
cyp19a1,15,MIIC,luma
fam20c,50,MIIC,luma
eif5a2,78,MIIC,luma
map3k1,48,MIIC,luma
ccnd1,110,MIIC,luma
mmp1,29,MIIC,luma
nr2f1,58,MIIC,luma
acvr2b,81,MIIC,luma
mtor,70,MIIC,luma
hdac1,44,MIIC,luma
akr1c4,93,MIIC,luma
hdac9,18,MIIC,luma
prkcq,54,MIIC,luma
gdf11,72,MIIC,luma
ar,75,MIIC,luma
csf1r,69,MIIC,luma
ctnna1,57,MIIC,luma
cdk6,84,MIIC,luma
mmp15,95,MIIC,luma
l1cam,16,MIIC,luma
myh9,50,MIIC,luma
raf1,56,MIIC,luma
herc2,35,MIIC,luma
hras,68,MIIC,luma
rbpj,35,MIIC,luma
stat5a,21,MIIC,luma
notch3,80,MIIC,luma
maml3,51,MIIC,luma
ctbp2,33,MIIC,luma
map3k3,61,MIIC,luma
casp9,35,MIIC,luma
erbb4,53,MIIC,luma
ncor1,53,MIIC,luma
cdh1,35,MIIC,luma
slc19a1,81,MIIC,luma
kdm5a,44,MIIC,luma
mapk1,48,MIIC,luma
ptprm,62,MIIC,luma
hsd17b4,26,MIIC,luma
rab25,27,MIIC,luma
apaf1,34,MIIC,luma
spry2,107,MIIC,luma
mmp13,51,MIIC,luma
numbl,20,MIIC,luma
pde4dip,32,MIIC,luma
cacna2d3,48,MIIC,luma
erbb2,71,MIIC,luma
eif4ebp1,25,MIIC,luma
kmt2d,31,MIIC,luma
adam17,37,MIIC,luma
mapk9,80,MIIC,luma
sdc4,87,MIIC,luma
bcas3,37,MIIC,luma
pms2,106,MIIC,luma
bmp7,24,MIIC,luma
bmf,39,MIIC,luma
men1,64,MIIC,luma
e2f3,49,MIIC,luma
erbb3,61,MIIC,luma
mmp25,20,MIIC,luma
pbrm1,55,MIIC,luma
foxp1,27,MIIC,luma
mmp11,48,MIIC,luma
nfkb1,38,MIIC,luma
cyp11a1,47,MIIC,luma
smad6,31,MIIC,luma
e2f4,38,MIIC,luma
mapt,30,MIIC,luma
serpini1,40,MIIC,luma
frmd3,21,MIIC,luma
fancd2,44,MIIC,luma
pdgfa,29,MIIC,luma
runx1,79,MIIC,luma
cyp21a2,44,MIIC,luma
peg3,46,MIIC,luma
bmp4,14,MIIC,luma
akap9,11,MIIC,luma
mapk6,72,MIIC,luma
ccnd3,40,MIIC,luma
plagl1,106,MIIC,luma
hsd3b1,10,MIIC,luma
gldc,9,MIIC,luma
dlec1,25,MIIC,luma
nras,100,MIIC,luma
bmp5,33,MIIC,luma
nrip1,19,MIIC,luma
akt3,12,MIIC,luma
hes2,16,MIIC,luma
hes1,9,MIIC,luma
dll1,44,MIIC,luma
klrg1,59,MIIC,luma
hsd17b1,16,MIIC,luma
hist1h2bc,24,MIIC,luma
inha,26,MIIC,luma
tgfb3,94,MIIC,luma
nrarp,21,MIIC,luma
hsd17b10,36,MIIC,luma
sik1,39,MIIC,luma
tbl1xr1,39,MIIC,luma
srd5a1,24,MIIC,luma
dph1,26,MIIC,luma
gata3,71,MIIC,luma
hsd17b14,11,MIIC,luma
cyp2c8,10,MIIC,luma
ncor2,73,MIIC,luma
ncoa2,59,MIIC,luma
pten,32,MIIC,luma
jak2,31,MIIC,luma
prr16,26,MIIC,luma
smad2,18,MIIC,luma
map2k5,23,MIIC,luma
bmpr1a,10,MIIC,luma
large1,28,MIIC,luma
ccna1,11,MIIC,luma
dll4,10,MIIC,luma
palb2,27,MIIC,luma
pik3r1,26,MIIC,luma
cdkn1a,30,MIIC,luma
hdac2,68,MIIC,luma
map3k5,24,MIIC,luma
hsd17b2,19,MIIC,luma
mapk8,3,MIIC,luma
stmn2,35,MIIC,luma
mmp12,9,MIIC,luma
folr3,5,MIIC,luma
rbl2,43,MIIC,luma
cyp3a5,3,MIIC,luma
abcb11,2,MIIC,luma
hsd17b3,8,MIIC,luma
itgb3,7,MIIC,luma
tbx3,15,MIIC,luma
mmp21,5,MIIC,luma
apc,4,MIIC,luma
rad51,31,MIIC,luma
dll3,8,MIIC,luma
notch2,20,MIIC,luma
hsd17b13,2,MIIC,luma
flt3,7,MIIC,luma
shank2,19,MIIC,luma
pik3r3,35,MIIC,luma
prkg1,10,MIIC,luma
nr1i2,13,MIIC,luma
nbn,3,MIIC,luma
rasgef1b,6,MIIC,luma
cxcr2,2,MIIC,luma
rbl1,17,MIIC,luma
e2f1,2,MIIC,luma
mapk4,19,MIIC,luma
nf2,23,MIIC,luma
clk3,1,MIIC,luma
ptprd,55,MIIC,luma
mecom,60,MIIC,luma
syne1,94,MIIC,luma
smad7,76,MIIC,luma
map4,111,MIIC,luma
src,69,MIIC,luma
mmp7,63,MIIC,luma
rps6kb2,67,MIIC,luma
smad4,76,MIIC,luma
ptpn22,64,MIIC,luma
ubr5,45,MIIC,luma
rpgr,39,MIIC,luma
smad1,47,MIIC,luma
tsc2,108,MIIC,luma
mmp24,10,MIIC,luma
st7,64,MIIC,luma
stk11,49,MIIC,luma
mmp27,36,MIIC,luma
wfdc2,25,MIIC,luma
stat3,72,MIIC,luma
kdr,6,MIIC,luma
taf1,38,MIIC,luma
vegfa,40,MIIC,luma
sik2,6,MIIC,luma
tgfbr3,39,MIIC,luma
magea8,5,MIIC,luma
ryr2,10,MIIC,luma
shbg,3,MIIC,luma
thsd7a,20,MIIC,luma
cyp3a7,2,MIIC,luma
thada,40,MIIC,luma
zfp36l1,92,MIIC,luma
utrn,50,MIIC,luma
ttyh1,13,MIIC,luma
tubb4b,67,MIIC,luma
tp53,17,MIIC,luma
sox9,22,MIIC,luma
vegfb,45,MIIC,luma
wwox,19,MIIC,luma
stab2,12,MIIC,luma
ugt2b15,5,MIIC,luma
tubb1,3,MIIC,luma
rad50,2,MIIC,luma
tert,2,MIIC,luma
tubb4a,3,MIIC,luma
map2,1,MIIC,luma
e2f6,1,MIIC,luma
zfyve9,1,MIIC,luma
col6a3,68,MIIC,lumb
akr1c2,8,MIIC,lumb
col12a1,52,MIIC,lumb
adgra2,54,MIIC,lumb
nt5e,87,MIIC,lumb
fn1,72,MIIC,lumb
eif4e,92,MIIC,lumb
kdm3a,52,MIIC,lumb
hsd17b6,84,MIIC,lumb
mmp13,65,MIIC,lumb
fgf1,53,MIIC,lumb
ppp2cb,69,MIIC,lumb
ccnd2,75,MIIC,lumb
epcam,71,MIIC,lumb
igf1,65,MIIC,lumb
acvr1,71,MIIC,lumb
cdkn1b,48,MIIC,lumb
adam10,39,MIIC,lumb
mmp19,24,MIIC,lumb
heyl,30,MIIC,lumb
mmp3,57,MIIC,lumb
hey2,40,MIIC,lumb
pdgfrb,64,MIIC,lumb
fbxw7,36,MIIC,lumb
casp8,66,MIIC,lumb
dab2,63,MIIC,lumb
dll1,35,MIIC,lumb
ptk2,47,MIIC,lumb
arid1a,27,MIIC,lumb
notch3,53,MIIC,lumb
pdgfra,99,MIIC,lumb
hdac1,19,MIIC,lumb
fas,66,MIIC,lumb
mmp1,50,MIIC,lumb
map2k4,32,MIIC,lumb
hey1,17,MIIC,lumb
acvrl1,43,MIIC,lumb
ccnb1,29,MIIC,lumb
ptpn22,54,MIIC,lumb
gsk3b,42,MIIC,lumb
mtor,40,MIIC,lumb
hdac2,55,MIIC,lumb
setd2,62,MIIC,lumb
abcc1,20,MIIC,lumb
cbfb,62,MIIC,lumb
mlst8,27,MIIC,lumb
asxl1,65,MIIC,lumb
ctcf,43,MIIC,lumb
cdk2,15,MIIC,lumb
eif5a2,37,MIIC,lumb
fam20c,35,MIIC,lumb
arid2,24,MIIC,lumb
acvr1b,54,MIIC,lumb
l1cam,6,MIIC,lumb
acvr2a,44,MIIC,lumb
jak1,66,MIIC,lumb
mapk3,17,MIIC,lumb
itgav,75,MIIC,lumb
foxo3,56,MIIC,lumb
asxl2,68,MIIC,lumb
notch1,53,MIIC,lumb
hsd17b7,24,MIIC,lumb
fancd2,22,MIIC,lumb
ncstn,44,MIIC,lumb
cdk6,57,MIIC,lumb
hsd3b1,7,MIIC,lumb
erbb3,46,MIIC,lumb
ccnd1,36,MIIC,lumb
map2k5,35,MIIC,lumb
raf1,54,MIIC,lumb
pms2,63,MIIC,lumb
gata3,59,MIIC,lumb
ackr3,32,MIIC,lumb
map3k1,28,MIIC,lumb
cdh1,18,MIIC,lumb
nras,48,MIIC,lumb
lifr,22,MIIC,lumb
maml1,73,MIIC,lumb
ncoa3,45,MIIC,lumb
akap9,16,MIIC,lumb
jag1,39,MIIC,lumb
prkcq,42,MIIC,lumb
mapk6,48,MIIC,lumb
men1,36,MIIC,lumb
cacna2d3,12,MIIC,lumb
map2k2,71,MIIC,lumb
hdac9,10,MIIC,lumb
sf3b1,41,MIIC,lumb
slc19a1,30,MIIC,lumb
chd1,28,MIIC,lumb
hsd17b4,11,MIIC,lumb
numbl,18,MIIC,lumb
bmp5,12,MIIC,lumb
arid5b,40,MIIC,lumb
ctbp2,14,MIIC,lumb
nr2f1,34,MIIC,lumb
ar,56,MIIC,lumb
mmp16,17,MIIC,lumb
mmp12,21,MIIC,lumb
nr1i2,11,MIIC,lumb
klrg1,18,MIIC,lumb
akt1s1,16,MIIC,lumb
jak2,23,MIIC,lumb
myc,22,MIIC,lumb
peg3,27,MIIC,lumb
bcl2l1,24,MIIC,lumb
cxcr1,14,MIIC,lumb
ncor1,44,MIIC,lumb
gdf11,22,MIIC,lumb
plagl1,51,MIIC,lumb
ccne1,32,MIIC,lumb
cyp11a1,21,MIIC,lumb
akt1,19,MIIC,lumb
abcc10,24,MIIC,lumb
herc2,33,MIIC,lumb
mmp14,25,MIIC,lumb
palb2,20,MIIC,lumb
csf1r,32,MIIC,lumb
bcas3,20,MIIC,lumb
bmp4,17,MIIC,lumb
kmt2d,26,MIIC,lumb
e2f4,27,MIIC,lumb
smad4,22,MIIC,lumb
map2k1,43,MIIC,lumb
afdn,37,MIIC,lumb
map4,38,MIIC,lumb
tbx3,17,MIIC,lumb
erbb2,25,MIIC,lumb
ccnd3,24,MIIC,lumb
acvr2b,31,MIIC,lumb
rad51c,27,MIIC,lumb
casp9,14,MIIC,lumb
rassf1,7,MIIC,lumb
tnk2,62,MIIC,lumb
pik3r1,23,MIIC,lumb
nfkb1,31,MIIC,lumb
mmp15,17,MIIC,lumb
sdc4,58,MIIC,lumb
foxp1,10,MIIC,lumb
bmp7,15,MIIC,lumb
rbpj,16,MIIC,lumb
kdm5a,40,MIIC,lumb
cyp19a1,8,MIIC,lumb
erbb4,31,MIIC,lumb
dph1,13,MIIC,lumb
cyp2c8,2,MIIC,lumb
ncoa2,18,MIIC,lumb
rps6kb2,18,MIIC,lumb
akr1c4,13,MIIC,lumb
mapk1,17,MIIC,lumb
mmp11,52,MIIC,lumb
eif4ebp1,10,MIIC,lumb
ncor2,43,MIIC,lumb
map3k3,23,MIIC,lumb
nfkb2,15,MIIC,lumb
bche,21,MIIC,lumb
birc6,20,MIIC,lumb
ctnna1,15,MIIC,lumb
dlec1,9,MIIC,lumb
mapk14,40,MIIC,lumb
pbrm1,20,MIIC,lumb
bmf,33,MIIC,lumb
dll3,8,MIIC,lumb
psen2,12,MIIC,lumb
mapt,14,MIIC,lumb
serpini1,28,MIIC,lumb
adam17,12,MIIC,lumb
hsd17b10,13,MIIC,lumb
rab25,10,MIIC,lumb
frmd3,4,MIIC,lumb
e2f6,2,MIIC,lumb
hes2,8,MIIC,lumb
nf2,14,MIIC,lumb
ptprm,48,MIIC,lumb
stat5a,10,MIIC,lumb
cyp21a2,15,MIIC,lumb
e2f3,17,MIIC,lumb
mmp25,8,MIIC,lumb
hes1,7,MIIC,lumb
gldc,8,MIIC,lumb
mmp7,53,MIIC,lumb
notch2,4,MIIC,lumb
cdkn1a,17,MIIC,lumb
large1,12,MIIC,lumb
nrarp,6,MIIC,lumb
akt3,5,MIIC,lumb
mmp21,1,MIIC,lumb
bmpr1a,4,MIIC,lumb
hras,19,MIIC,lumb
rpgr,20,MIIC,lumb
apaf1,10,MIIC,lumb
folr3,9,MIIC,lumb
shank2,11,MIIC,lumb
hsd17b1,2,MIIC,lumb
hist1h2bc,18,MIIC,lumb
pde4dip,13,MIIC,lumb
myh9,41,MIIC,lumb
folr1,4,MIIC,lumb
pik3r3,6,MIIC,lumb
e2f1,2,MIIC,lumb
mapk9,32,MIIC,lumb
rad51,17,MIIC,lumb
clrn2,2,MIIC,lumb
clk3,2,MIIC,lumb
inha,4,MIIC,lumb
hsd17b14,3,MIIC,lumb
map3k5,11,MIIC,lumb
ccna1,4,MIIC,lumb
itgb3,4,MIIC,lumb
apc,1,MIIC,lumb
pdgfa,11,MIIC,lumb
hsd17b2,2,MIIC,lumb
cxcr2,1,MIIC,lumb
tubb4a,2,MIIC,lumb
sik1,7,MIIC,lumb
pten,20,MIIC,lumb
smad6,24,MIIC,lumb
dll4,2,MIIC,lumb
cyp3a4,1,MIIC,lumb
kdr,7,MIIC,lumb
flt3,1,MIIC,lumb
mecom,28,MIIC,lumb
ctnna3,1,MIIC,lumb
hsd17b3,1,MIIC,lumb
sox9,9,MIIC,lumb
ptprd,59,MIIC,lumb
syne1,76,MIIC,lumb
spry2,68,MIIC,lumb
smarcd1,44,MIIC,lumb
tgfb3,43,MIIC,lumb
spen,48,MIIC,lumb
src,34,MIIC,lumb
runx1,52,MIIC,lumb
kdm6a,12,MIIC,lumb
tsc2,70,MIIC,lumb
vegfa,38,MIIC,lumb
tubb4b,43,MIIC,lumb
smad2,10,MIIC,lumb
prr16,14,MIIC,lumb
stmn2,17,MIIC,lumb
thsd7a,19,MIIC,lumb
maml3,12,MIIC,lumb
st7,24,MIIC,lumb
rbl1,21,MIIC,lumb
rbl2,14,MIIC,lumb
taf1,18,MIIC,lumb
nrip1,9,MIIC,lumb
prkg1,9,MIIC,lumb
rasgef1b,11,MIIC,lumb
zfp36l1,76,MIIC,lumb
utrn,15,MIIC,lumb
ubr5,21,MIIC,lumb
smad1,21,MIIC,lumb
smad7,18,MIIC,lumb
thada,29,MIIC,lumb
vegfb,16,MIIC,lumb
tbl1xr1,5,MIIC,lumb
tgfbr3,25,MIIC,lumb
stat3,24,MIIC,lumb
mmp24,3,MIIC,lumb
wfdc2,6,MIIC,lumb
stk11,10,MIIC,lumb
wwox,6,MIIC,lumb
srd5a1,8,MIIC,lumb
zfyve9,2,MIIC,lumb
ttyh1,3,MIIC,lumb
rad50,3,MIIC,lumb
mmp23b,1,MIIC,lumb
tp53,4,MIIC,lumb
cyp3a7,1,MIIC,lumb
mapk4,2,MIIC,lumb
inhbc,1,MIIC,lumb
akr1c2,9,MIIC,her2
col6a3,74,MIIC,her2
adam10,115,MIIC,her2
col12a1,73,MIIC,her2
ppp2cb,58,MIIC,her2
map2k1,116,MIIC,her2
eif4e,110,MIIC,her2
jak1,107,MIIC,her2
cbfb,97,MIIC,her2
fbxw7,97,MIIC,her2
hsd17b6,112,MIIC,her2
map4,111,MIIC,her2
arid1a,77,MIIC,her2
mmp13,73,MIIC,her2
acvr2b,87,MIIC,her2
adam17,82,MIIC,her2
arid5b,89,MIIC,her2
mmp11,21,MIIC,her2
itgav,108,MIIC,her2
foxp1,90,MIIC,her2
gata3,41,MIIC,her2
ncoa2,64,MIIC,her2
akt1s1,93,MIIC,her2
epcam,45,MIIC,her2
ctnna1,61,MIIC,her2
acvr1,81,MIIC,her2
pdgfra,53,MIIC,her2
nfkb2,73,MIIC,her2
heyl,31,MIIC,her2
fn1,71,MIIC,her2
cdh1,34,MIIC,her2
kdm3a,14,MIIC,her2
ccnb1,16,MIIC,her2
casp8,64,MIIC,her2
ccnd2,27,MIIC,her2
fgf1,63,MIIC,her2
adgra2,43,MIIC,her2
afdn,73,MIIC,her2
mmp1,26,MIIC,her2
dll1,20,MIIC,her2
ccnd1,52,MIIC,her2
fas,50,MIIC,her2
nt5e,63,MIIC,her2
dab2,53,MIIC,her2
igf1,28,MIIC,her2
fam20c,35,MIIC,her2
mmp19,15,MIIC,her2
eif5a2,50,MIIC,her2
hras,49,MIIC,her2
cdkn1b,22,MIIC,her2
abcc10,67,MIIC,her2
cdk6,73,MIIC,her2
erbb2,16,MIIC,her2
gdf11,91,MIIC,her2
chd1,46,MIIC,her2
maml3,58,MIIC,her2
cyp21a2,56,MIIC,her2
hey1,12,MIIC,her2
hey2,7,MIIC,her2
acvr2a,14,MIIC,her2
acvrl1,33,MIIC,her2
asxl2,19,MIIC,her2
jag1,44,MIIC,her2
bmpr1a,49,MIIC,her2
smarcd1,22,MIIC,her2
ccnd3,60,MIIC,her2
ackr3,26,MIIC,her2
ncoa3,43,MIIC,her2
kdm5a,48,MIIC,her2
acvr1b,4,MIIC,her2
casp9,43,MIIC,her2
map3k1,44,MIIC,her2
birc6,36,MIIC,her2
foxo3,33,MIIC,her2
mapk14,84,MIIC,her2
arid2,18,MIIC,her2
jak2,7,MIIC,her2
asxl1,37,MIIC,her2
pms2,100,MIIC,her2
klrg1,9,MIIC,her2
csf1r,18,MIIC,her2
map2k2,84,MIIC,her2
akr1c4,37,MIIC,her2
mapt,20,MIIC,her2
ptk2,6,MIIC,her2
large1,25,MIIC,her2
nrip1,16,MIIC,her2
cyp19a1,4,MIIC,her2
cxcr1,7,MIIC,her2
hdac9,6,MIIC,her2
erbb3,11,MIIC,her2
ccne1,16,MIIC,her2
pik3r3,26,MIIC,her2
map2k4,9,MIIC,her2
rassf1,6,MIIC,her2
ncstn,63,MIIC,her2
nf2,53,MIIC,her2
runx1,40,MIIC,her2
notch2,31,MIIC,her2
mmp3,11,MIIC,her2
akap9,9,MIIC,her2
cdk2,12,MIIC,her2
map3k3,14,MIIC,her2
akt1,20,MIIC,her2
arl11,9,MIIC,her2
abcc1,10,MIIC,her2
bmp4,4,MIIC,her2
numbl,5,MIIC,her2
bcas3,2,MIIC,her2
hdac1,11,MIIC,her2
pten,10,MIIC,her2
mtor,3,MIIC,her2
notch3,48,MIIC,her2
spen,31,MIIC,her2
gsk3b,63,MIIC,her2
notch1,7,MIIC,her2
ctcf,44,MIIC,her2
psen2,16,MIIC,her2
e2f6,2,MIIC,her2
erbb4,59,MIIC,her2
tubb4b,35,MIIC,her2
cdkn1a,15,MIIC,her2
syne1,19,MIIC,her2
nras,10,MIIC,her2
nr2f1,7,MIIC,her2
dph1,20,MIIC,her2
mecom,19,MIIC,her2
hsd17b2,28,MIIC,her2
bcl2l1,7,MIIC,her2
e2f4,7,MIIC,her2
mmp25,13,MIIC,her2
smad7,81,MIIC,her2
apaf1,4,MIIC,her2
e2f3,12,MIIC,her2
l1cam,3,MIIC,her2
rpgr,17,MIIC,her2
srd5a1,25,MIIC,her2
hist1h2bc,9,MIIC,her2
frmd3,5,MIIC,her2
tnk2,97,MIIC,her2
bche,4,MIIC,her2
kdm6a,78,MIIC,her2
bmp5,15,MIIC,her2
mmp14,4,MIIC,her2
setd2,9,MIIC,her2
map3k5,11,MIIC,her2
stmn2,13,MIIC,her2
men1,7,MIIC,her2
hsd17b7,5,MIIC,her2
mmp21,2,MIIC,her2
smad6,4,MIIC,her2
palb2,6,MIIC,her2
gldc,2,MIIC,her2
dll3,2,MIIC,her2
ar,6,MIIC,her2
herc2,1,MIIC,her2
cacna2d3,7,MIIC,her2
dlec1,6,MIIC,her2
prkg1,6,MIIC,her2
dll4,1,MIIC,her2
mapk3,9,MIIC,her2
abcb11,2,MIIC,her2
hes2,5,MIIC,her2
map2k5,2,MIIC,her2
hdac2,37,MIIC,her2
hsd17b1,4,MIIC,her2
pik3r1,3,MIIC,her2
cyp11a1,6,MIIC,her2
src,23,MIIC,her2
lifr,7,MIIC,her2
kdr,9,MIIC,her2
ctbp2,1,MIIC,her2
ncor2,66,MIIC,her2
kmt2d,4,MIIC,her2
rasgef1b,5,MIIC,her2
nbn,2,MIIC,her2
cxcr2,1,MIIC,her2
mmp15,9,MIIC,her2
hsd17b14,5,MIIC,her2
folr1,1,MIIC,her2
mmp17,1,MIIC,her2
folr3,3,MIIC,her2
nfkb1,7,MIIC,her2
clrn2,1,MIIC,her2
cyp3a5,1,MIIC,her2
fancd2,2,MIIC,her2
akt3,1,MIIC,her2
st7,61,MIIC,her2
mlst8,26,MIIC,her2
ccna1,3,MIIC,her2
apc,2,MIIC,her2
cyp2c8,1,MIIC,her2
maml1,4,MIIC,her2
tubb1,5,MIIC,her2
nr1i2,4,MIIC,her2
thada,38,MIIC,her2
smad2,3,MIIC,her2
hsd17b3,3,MIIC,her2
e2f1,1,MIIC,her2
bmf,6,MIIC,her2
flt3,1,MIIC,her2
ncor1,59,MIIC,her2
mapk9,96,MIIC,her2
sf3b1,95,MIIC,her2
mapk6,94,MIIC,her2
stat3,88,MIIC,her2
rbl2,68,MIIC,her2
rad51,87,MIIC,her2
smad4,91,MIIC,her2
plagl1,73,MIIC,her2
tbl1xr1,70,MIIC,her2
stk11,57,MIIC,her2
pdgfrb,32,MIIC,her2
mmp7,51,MIIC,her2
ptprm,35,MIIC,her2
myc,62,MIIC,her2
smad1,57,MIIC,her2
myh9,23,MIIC,her2
ptprd,36,MIIC,her2
pdgfa,24,MIIC,her2
peg3,12,MIIC,her2
spry2,21,MIIC,her2
shank2,28,MIIC,her2
sdc4,56,MIIC,her2
raf1,28,MIIC,her2
nrarp,15,MIIC,her2
serpini1,28,MIIC,her2
tsc2,61,MIIC,her2
rps6kb2,23,MIIC,her2
rbl1,11,MIIC,her2
pbrm1,19,MIIC,her2
rad51c,25,MIIC,her2
ptpn22,12,MIIC,her2
prkcq,17,MIIC,her2
hsd17b10,10,MIIC,her2
pde4dip,9,MIIC,her2
sik1,19,MIIC,her2
mapk1,10,MIIC,her2
rab25,12,MIIC,her2
utrn,77,MIIC,her2
hsd17b4,3,MIIC,her2
mmp12,5,MIIC,her2
clk3,6,MIIC,her2
ubr5,14,MIIC,her2
mmp16,5,MIIC,her2
stat5a,26,MIIC,her2
zfp36l1,57,MIIC,her2
tbx3,16,MIIC,her2
wwox,14,MIIC,her2
rbpj,7,MIIC,her2
tp53,3,MIIC,her2
ugt2b15,20,MIIC,her2
tgfbr3,7,MIIC,her2
ttyh1,3,MIIC,her2
thsd7a,7,MIIC,her2
mapk4,3,MIIC,her2
tgfb3,4,MIIC,her2
vegfa,7,MIIC,her2
hsd17b13,1,MIIC,her2
slc19a1,10,MIIC,her2
vegfb,1,MIIC,her2
itgb3,2,MIIC,her2
wfdc2,3,MIIC,her2
tubb4a,1,MIIC,her2
mapk8,1,MIIC,her2
hsd3b1,2,MIIC,her2
gh1,1,MIIC,her2
prr16,1,MIIC,her2
hes1,3,MIIC,her2
sox9,1,MIIC,her2
zfyve9,1,MIIC,her2
spaca1,1,MIIC,her2
tert,1,MIIC,her2
akr1c4,7,GENIE3,basal
akr1c2,7,GENIE3,basal
pdgfrb,16,GENIE3,basal
col6a3,14,GENIE3,basal
utrn,6,GENIE3,basal
mmp19,9,GENIE3,basal
rassf1,4,GENIE3,basal
sf3b1,25,GENIE3,basal
adam10,25,GENIE3,basal
itgav,26,GENIE3,basal
cdk6,9,GENIE3,basal
adgra2,15,GENIE3,basal
fancd2,7,GENIE3,basal
shank2,4,GENIE3,basal
nf2,12,GENIE3,basal
kdm3a,9,GENIE3,basal
epcam,12,GENIE3,basal
mmp11,11,GENIE3,basal
heyl,11,GENIE3,basal
bmf,3,GENIE3,basal
eif4e,34,GENIE3,basal
raf1,3,GENIE3,basal
numbl,10,GENIE3,basal
jak1,28,GENIE3,basal
pms2,16,GENIE3,basal
smad4,15,GENIE3,basal
hey1,6,GENIE3,basal
mmp1,9,GENIE3,basal
mapk4,6,GENIE3,basal
cbfb,16,GENIE3,basal
mmp3,6,GENIE3,basal
thsd7a,6,GENIE3,basal
arid1a,15,GENIE3,basal
ncoa3,16,GENIE3,basal
ncoa2,8,GENIE3,basal
hdac2,8,GENIE3,basal
mapk14,11,GENIE3,basal
gsk3b,8,GENIE3,basal
sik1,2,GENIE3,basal
map2k1,21,GENIE3,basal
notch3,11,GENIE3,basal
stat5a,5,GENIE3,basal
smad7,4,GENIE3,basal
jag1,13,GENIE3,basal
nt5e,11,GENIE3,basal
stat3,14,GENIE3,basal
mapk9,19,GENIE3,basal
ttyh1,12,GENIE3,basal
kdm6a,15,GENIE3,basal
mapk6,15,GENIE3,basal
tert,5,GENIE3,basal
nrarp,13,GENIE3,basal
map3k3,4,GENIE3,basal
prkcq,5,GENIE3,basal
smarcd1,8,GENIE3,basal
adam17,13,GENIE3,basal
myc,18,GENIE3,basal
mmp16,3,GENIE3,basal
mmp7,13,GENIE3,basal
spen,8,GENIE3,basal
e2f4,3,GENIE3,basal
dab2,22,GENIE3,basal
akt1,12,GENIE3,basal
acvr1,7,GENIE3,basal
ctnna1,15,GENIE3,basal
ccne1,10,GENIE3,basal
e2f3,8,GENIE3,basal
cyp19a1,5,GENIE3,basal
hsd3b1,5,GENIE3,basal
frmd3,11,GENIE3,basal
erbb4,7,GENIE3,basal
runx1,16,GENIE3,basal
mecom,11,GENIE3,basal
map2k2,11,GENIE3,basal
dll1,9,GENIE3,basal
map2k5,5,GENIE3,basal
abcc10,14,GENIE3,basal
vegfa,5,GENIE3,basal
hey2,10,GENIE3,basal
acvr2b,11,GENIE3,basal
abcc1,6,GENIE3,basal
hdac9,7,GENIE3,basal
tbl1xr1,7,GENIE3,basal
acvr1b,5,GENIE3,basal
ccnd2,9,GENIE3,basal
src,11,GENIE3,basal
bcl2l1,5,GENIE3,basal
rad51,12,GENIE3,basal
eif5a2,11,GENIE3,basal
slc19a1,7,GENIE3,basal
pik3r1,13,GENIE3,basal
pbrm1,6,GENIE3,basal
erbb2,10,GENIE3,basal
pik3r3,4,GENIE3,basal
ncstn,6,GENIE3,basal
dll3,6,GENIE3,basal
ccnd1,4,GENIE3,basal
mmp12,6,GENIE3,basal
tnk2,9,GENIE3,basal
acvr2a,5,GENIE3,basal
kdm5a,3,GENIE3,basal
akt1s1,9,GENIE3,basal
gdf11,6,GENIE3,basal
fas,6,GENIE3,basal
ccna1,5,GENIE3,basal
men1,6,GENIE3,basal
hes2,4,GENIE3,basal
asxl1,5,GENIE3,basal
vegfb,4,GENIE3,basal
kmt2d,11,GENIE3,basal
psen2,3,GENIE3,basal
nfkb2,15,GENIE3,basal
maml1,8,GENIE3,basal
rbl1,7,GENIE3,basal
nras,11,GENIE3,basal
nfkb1,4,GENIE3,basal
mtor,3,GENIE3,basal
nr1i2,7,GENIE3,basal
stk11,6,GENIE3,basal
ccnb1,7,GENIE3,basal
mmp15,6,GENIE3,basal
myh9,7,GENIE3,basal
map4,15,GENIE3,basal
mapk1,2,GENIE3,basal
dnah11,8,GENIE3,basal
cdk2,8,GENIE3,basal
ncor2,9,GENIE3,basal
ptprm,5,GENIE3,basal
akap9,4,GENIE3,basal
pten,4,GENIE3,basal
notch1,7,GENIE3,basal
thada,5,GENIE3,basal
peg3,4,GENIE3,basal
palb2,10,GENIE3,basal
fbxw7,8,GENIE3,basal
ryr2,5,GENIE3,basal
asxl2,7,GENIE3,basal
spry2,6,GENIE3,basal
rbl2,13,GENIE3,basal
herc2,3,GENIE3,basal
bmpr1a,7,GENIE3,basal
inhba,3,GENIE3,basal
jak2,5,GENIE3,basal
fam20c,3,GENIE3,basal
cxcr2,7,GENIE3,basal
smad6,4,GENIE3,basal
birc6,4,GENIE3,basal
rbpj,3,GENIE3,basal
map2,6,GENIE3,basal
tubb4b,6,GENIE3,basal
notch2,7,GENIE3,basal
bmp7,3,GENIE3,basal
eif4ebp1,4,GENIE3,basal
tubb4a,3,GENIE3,basal
gldc,3,GENIE3,basal
pdgfa,5,GENIE3,basal
mmp17,2,GENIE3,basal
setd2,5,GENIE3,basal
cyp11a1,4,GENIE3,basal
shbg,3,GENIE3,basal
bmp5,5,GENIE3,basal
mmp14,4,GENIE3,basal
srd5a1,3,GENIE3,basal
tp53,2,GENIE3,basal
ccnd3,4,GENIE3,basal
arid5b,7,GENIE3,basal
e2f1,1,GENIE3,basal
taf1,2,GENIE3,basal
akt3,1,GENIE3,basal
plagl1,4,GENIE3,basal
hsd17b10,3,GENIE3,basal
magea8,8,GENIE3,basal
wfdc2,3,GENIE3,basal
mlst8,1,GENIE3,basal
mmp27,6,GENIE3,basal
folr1,2,GENIE3,basal
large1,2,GENIE3,basal
ptk2,3,GENIE3,basal
hsd17b2,1,GENIE3,basal
clrn2,4,GENIE3,basal
folr3,2,GENIE3,basal
abcb11,1,GENIE3,basal
zfyve9,1,GENIE3,basal
clk3,4,GENIE3,basal
hras,3,GENIE3,basal
hdac1,4,GENIE3,basal
mmp23b,2,GENIE3,basal
dph1,2,GENIE3,basal
sik2,2,GENIE3,basal
l1cam,3,GENIE3,basal
mmp21,1,GENIE3,basal
e2f6,1,GENIE3,basal
gpr32,1,GENIE3,basal
ctnna3,1,GENIE3,basal
akr1c2,4,GENIE3,luma
akr1c4,5,GENIE3,luma
pdgfra,16,GENIE3,luma
stat5a,3,GENIE3,luma
rassf1,3,GENIE3,luma
col6a3,18,GENIE3,luma
casp8,14,GENIE3,luma
igf1,18,GENIE3,luma
kdm3a,12,GENIE3,luma
mapk14,13,GENIE3,luma
col12a1,13,GENIE3,luma
hsd17b6,18,GENIE3,luma
spry2,19,GENIE3,luma
jak1,28,GENIE3,luma
ncor1,8,GENIE3,luma
heyl,9,GENIE3,luma
mlst8,5,GENIE3,luma
mmp19,8,GENIE3,luma
myc,11,GENIE3,luma
cdkn1b,11,GENIE3,luma
map2k4,9,GENIE3,luma
map4,19,GENIE3,luma
jag1,7,GENIE3,luma
hsd17b4,6,GENIE3,luma
utrn,5,GENIE3,luma
ptprd,9,GENIE3,luma
acvrl1,11,GENIE3,luma
sf3b1,16,GENIE3,luma
fn1,12,GENIE3,luma
tsc2,10,GENIE3,luma
mapk3,5,GENIE3,luma
zfp36l1,17,GENIE3,luma
eif4e,27,GENIE3,luma
fbxw7,11,GENIE3,luma
adam10,18,GENIE3,luma
sik1,4,GENIE3,luma
mmp13,12,GENIE3,luma
acvr2a,11,GENIE3,luma
mecom,8,GENIE3,luma
mmp11,9,GENIE3,luma
cxcr1,11,GENIE3,luma
ncoa2,12,GENIE3,luma
numbl,10,GENIE3,luma
palb2,5,GENIE3,luma
hey1,8,GENIE3,luma
dab2,9,GENIE3,luma
ncstn,10,GENIE3,luma
spen,13,GENIE3,luma
arid2,8,GENIE3,luma
pms2,9,GENIE3,luma
acvr1,16,GENIE3,luma
rbl2,9,GENIE3,luma
tnk2,12,GENIE3,luma
eif5a2,12,GENIE3,luma
map2k2,23,GENIE3,luma
afdn,12,GENIE3,luma
asxl2,13,GENIE3,luma
ctcf,12,GENIE3,luma
arid1a,11,GENIE3,luma
hsd17b13,2,GENIE3,luma
arid5b,12,GENIE3,luma
chd1,10,GENIE3,luma
mmp14,6,GENIE3,luma
prr16,2,GENIE3,luma
thsd7a,8,GENIE3,luma
syne1,16,GENIE3,luma
ubr5,9,GENIE3,luma
cyp19a1,9,GENIE3,luma
rps6kb2,6,GENIE3,luma
mmp24,6,GENIE3,luma
psen2,2,GENIE3,luma
hdac9,9,GENIE3,luma
maml1,19,GENIE3,luma
smarcd1,12,GENIE3,luma
kdm6a,14,GENIE3,luma
itgav,19,GENIE3,luma
mmp3,11,GENIE3,luma
setd2,7,GENIE3,luma
ptprm,11,GENIE3,luma
mmp16,9,GENIE3,luma
ncor2,12,GENIE3,luma
ackr3,11,GENIE3,luma
gldc,6,GENIE3,luma
hsd17b3,2,GENIE3,luma
fgf1,10,GENIE3,luma
hes1,2,GENIE3,luma
mtor,4,GENIE3,luma
nr2f1,9,GENIE3,luma
taf1,9,GENIE3,luma
wfdc2,4,GENIE3,luma
mmp25,4,GENIE3,luma
smad1,9,GENIE3,luma
dlec1,4,GENIE3,luma
hsd17b7,9,GENIE3,luma
src,8,GENIE3,luma
runx1,12,GENIE3,luma
sdc4,7,GENIE3,luma
nfkb1,3,GENIE3,luma
akt1s1,12,GENIE3,luma
birc6,9,GENIE3,luma
prkcq,5,GENIE3,luma
smad7,15,GENIE3,luma
dll4,3,GENIE3,luma
stat3,14,GENIE3,luma
map3k1,10,GENIE3,luma
bche,2,GENIE3,luma
vegfb,4,GENIE3,luma
sox9,5,GENIE3,luma
pdgfa,6,GENIE3,luma
myh9,8,GENIE3,luma
abcc1,9,GENIE3,luma
map3k5,4,GENIE3,luma
kdr,4,GENIE3,luma
nrip1,4,GENIE3,luma
cdh1,4,GENIE3,luma
csf1r,6,GENIE3,luma
large1,7,GENIE3,luma
smad2,7,GENIE3,luma
prkg1,6,GENIE3,luma
tbl1xr1,8,GENIE3,luma
maml3,6,GENIE3,luma
kmt2d,6,GENIE3,luma
inha,4,GENIE3,luma
ryr2,6,GENIE3,luma
stk11,7,GENIE3,luma
shank2,3,GENIE3,luma
dll1,5,GENIE3,luma
cyp11a1,7,GENIE3,luma
apaf1,3,GENIE3,luma
mapk4,6,GENIE3,luma
akap9,4,GENIE3,luma
nr1i2,6,GENIE3,luma
ctbp2,8,GENIE3,luma
st7,4,GENIE3,luma
cyp21a2,4,GENIE3,luma
arid1b,1,GENIE3,luma
pik3r1,8,GENIE3,luma
hsd17b14,2,GENIE3,luma
hsd3b1,4,GENIE3,luma
stmn2,4,GENIE3,luma
acvr2b,9,GENIE3,luma
rad50,1,GENIE3,luma
or6a2,1,GENIE3,luma
tgfbr3,8,GENIE3,luma
tbx3,3,GENIE3,luma
serpini1,4,GENIE3,luma
herc2,2,GENIE3,luma
bmf,5,GENIE3,luma
foxp1,7,GENIE3,luma
mmp27,5,GENIE3,luma
pik3r3,3,GENIE3,luma
cacna2d3,3,GENIE3,luma
hes2,2,GENIE3,luma
pbrm1,4,GENIE3,luma
dnah11,2,GENIE3,luma
hsd17b1,1,GENIE3,luma
jak2,3,GENIE3,luma
cyp2c8,3,GENIE3,luma
casp9,5,GENIE3,luma
nf2,4,GENIE3,luma
ugt2b15,2,GENIE3,luma
itgb3,4,GENIE3,luma
mapk8,1,GENIE3,luma
akt3,2,GENIE3,luma
pde4dip,3,GENIE3,luma
erbb4,2,GENIE3,luma
sik2,2,GENIE3,luma
notch2,2,GENIE3,luma
dph1,1,GENIE3,luma
wwox,5,GENIE3,luma
ctnna3,1,GENIE3,luma
abcb11,1,GENIE3,luma
bmp4,1,GENIE3,luma
cxcr2,1,GENIE3,luma
hist1h2bc,1,GENIE3,luma
rasgef1b,1,GENIE3,luma
zfyve9,1,GENIE3,luma
spaca1,1,GENIE3,luma
pdgfrb,19,GENIE3,lumb
ptk2,9,GENIE3,lumb
ptprd,13,GENIE3,lumb
col6a3,22,GENIE3,lumb
eif4e,33,GENIE3,lumb
ubr5,10,GENIE3,lumb
ncor1,7,GENIE3,lumb
hsd17b6,15,GENIE3,lumb
col12a1,16,GENIE3,lumb
map2k4,11,GENIE3,lumb
tsc2,21,GENIE3,lumb
ppp2cb,27,GENIE3,lumb
heyl,10,GENIE3,lumb
fn1,15,GENIE3,lumb
rbl1,5,GENIE3,lumb
spen,17,GENIE3,lumb
hey1,6,GENIE3,lumb
pik3r1,8,GENIE3,lumb
cdkn1b,13,GENIE3,lumb
arid1a,15,GENIE3,lumb
kdm3a,18,GENIE3,lumb
zfp36l1,18,GENIE3,lumb
syne1,13,GENIE3,lumb
pms2,15,GENIE3,lumb
casp8,15,GENIE3,lumb
cdk2,6,GENIE3,lumb
mtor,5,GENIE3,lumb
fgf1,11,GENIE3,lumb
epcam,30,GENIE3,lumb
mlst8,5,GENIE3,lumb
tnk2,30,GENIE3,lumb
hdac1,4,GENIE3,lumb
ptprm,11,GENIE3,lumb
chd1,14,GENIE3,lumb
mmp13,14,GENIE3,lumb
mapk14,10,GENIE3,lumb
ptpn22,10,GENIE3,lumb
tbx3,5,GENIE3,lumb
asxl2,16,GENIE3,lumb
rpgr,11,GENIE3,lumb
cacna2d3,6,GENIE3,lumb
cdh1,6,GENIE3,lumb
ncstn,17,GENIE3,lumb
map2k5,5,GENIE3,lumb
thsd7a,10,GENIE3,lumb
mapk3,6,GENIE3,lumb
foxo3,10,GENIE3,lumb
notch3,9,GENIE3,lumb
numbl,12,GENIE3,lumb
asxl1,19,GENIE3,lumb
abcc1,5,GENIE3,lumb
hey2,9,GENIE3,lumb
maml1,21,GENIE3,lumb
bmp5,12,GENIE3,lumb
ncoa3,12,GENIE3,lumb
e2f4,6,GENIE3,lumb
vegfb,7,GENIE3,lumb
herc2,5,GENIE3,lumb
ncoa2,7,GENIE3,lumb
map3k1,8,GENIE3,lumb
src,9,GENIE3,lumb
hist1h2bc,5,GENIE3,lumb
utrn,6,GENIE3,lumb
bcas3,3,GENIE3,lumb
runx1,12,GENIE3,lumb
arid5b,8,GENIE3,lumb
lifr,10,GENIE3,lumb
map2k2,18,GENIE3,lumb
eif4ebp1,8,GENIE3,lumb
arid2,11,GENIE3,lumb
mmp16,11,GENIE3,lumb
cxcr1,8,GENIE3,lumb
mmp24,5,GENIE3,lumb
ncor2,9,GENIE3,lumb
dll1,5,GENIE3,lumb
afdn,8,GENIE3,lumb
csf1r,6,GENIE3,lumb
setd2,18,GENIE3,lumb
birc6,4,GENIE3,lumb
acvr1,17,GENIE3,lumb
gldc,4,GENIE3,lumb
ctbp2,4,GENIE3,lumb
sdc4,10,GENIE3,lumb
rad51c,6,GENIE3,lumb
hdac9,7,GENIE3,lumb
st7,9,GENIE3,lumb
rbl2,4,GENIE3,lumb
smad2,7,GENIE3,lumb
ctcf,10,GENIE3,lumb
nf2,4,GENIE3,lumb
map3k3,5,GENIE3,lumb
cyp19a1,8,GENIE3,lumb
mapk6,7,GENIE3,lumb
hdac2,11,GENIE3,lumb
akap9,3,GENIE3,lumb
eif5a2,8,GENIE3,lumb
myh9,8,GENIE3,lumb
jak2,3,GENIE3,lumb
bcl2l1,8,GENIE3,lumb
tgfbr3,6,GENIE3,lumb
kdm5a,7,GENIE3,lumb
rps6kb2,4,GENIE3,lumb
serpini1,7,GENIE3,lumb
smarcd1,15,GENIE3,lumb
mmp1,9,GENIE3,lumb
acvr1b,12,GENIE3,lumb
smad1,6,GENIE3,lumb
peg3,4,GENIE3,lumb
sox9,5,GENIE3,lumb
stat3,6,GENIE3,lumb
pten,3,GENIE3,lumb
flt3,2,GENIE3,lumb
e2f6,1,GENIE3,lumb
pbrm1,3,GENIE3,lumb
psen2,1,GENIE3,lumb
bmp4,2,GENIE3,lumb
hras,6,GENIE3,lumb
tubb4b,10,GENIE3,lumb
nfkb1,7,GENIE3,lumb
kmt2d,8,GENIE3,lumb
hsd17b10,7,GENIE3,lumb
dll3,3,GENIE3,lumb
ctnna3,3,GENIE3,lumb
men1,8,GENIE3,lumb
wfdc2,3,GENIE3,lumb
mapk8,1,GENIE3,lumb
tbl1xr1,4,GENIE3,lumb
smad6,2,GENIE3,lumb
hsd17b7,6,GENIE3,lumb
notch2,6,GENIE3,lumb
raf1,4,GENIE3,lumb
hsd17b1,4,GENIE3,lumb
palb2,6,GENIE3,lumb
large1,6,GENIE3,lumb
nr1i2,4,GENIE3,lumb
shank2,5,GENIE3,lumb
prkcq,7,GENIE3,lumb
prkg1,4,GENIE3,lumb
bmf,3,GENIE3,lumb
akt3,5,GENIE3,lumb
kdr,3,GENIE3,lumb
ackr3,4,GENIE3,lumb
mmp17,1,GENIE3,lumb
rassf1,3,GENIE3,lumb
nrarp,3,GENIE3,lumb
pik3r3,2,GENIE3,lumb
akr1c1,1,GENIE3,lumb
apaf1,5,GENIE3,lumb
mmp23b,1,GENIE3,lumb
rad50,2,GENIE3,lumb
thada,5,GENIE3,lumb
stk11,4,GENIE3,lumb
dph1,2,GENIE3,lumb
inha,3,GENIE3,lumb
hes1,3,GENIE3,lumb
taf1,3,GENIE3,lumb
e2f1,1,GENIE3,lumb
bmpr1a,2,GENIE3,lumb
gh1,5,GENIE3,lumb
bche,2,GENIE3,lumb
tp53,3,GENIE3,lumb
mmp14,6,GENIE3,lumb
folr3,3,GENIE3,lumb
gdf11,3,GENIE3,lumb
dlec1,3,GENIE3,lumb
ccnd3,3,GENIE3,lumb
magea8,8,GENIE3,lumb
casp9,3,GENIE3,lumb
mmp25,3,GENIE3,lumb
rasgef1b,2,GENIE3,lumb
hsd17b14,2,GENIE3,lumb
ryr2,2,GENIE3,lumb
cyp17a1,1,GENIE3,lumb
cdkn1a,2,GENIE3,lumb
tubb1,1,GENIE3,lumb
nbn,1,GENIE3,lumb
ugt2b15,2,GENIE3,lumb
shbg,1,GENIE3,lumb
cyp2c8,2,GENIE3,lumb
clk3,2,GENIE3,lumb
itgb3,1,GENIE3,lumb
hsd17b3,2,GENIE3,lumb
apc,1,GENIE3,lumb
zfyve9,1,GENIE3,lumb
abcb11,4,GENIE3,lumb
akr1c2,5,GENIE3,her2
akr1c4,7,GENIE3,her2
zfp36l1,9,GENIE3,her2
mmp1,7,GENIE3,her2
eif4e,38,GENIE3,her2
itgav,47,GENIE3,her2
epcam,14,GENIE3,her2
chd1,11,GENIE3,her2
adam10,46,GENIE3,her2
mapk9,32,GENIE3,her2
col12a1,14,GENIE3,her2
hsd17b6,39,GENIE3,her2
ccnb1,12,GENIE3,her2
birc6,6,GENIE3,her2
map4,39,GENIE3,her2
ptk2,5,GENIE3,her2
jak1,34,GENIE3,her2
fgf1,6,GENIE3,her2
hsd17b2,7,GENIE3,her2
ubr5,5,GENIE3,her2
fn1,15,GENIE3,her2
smad7,12,GENIE3,her2
acvr2a,6,GENIE3,her2
mmp3,4,GENIE3,her2
map2k1,42,GENIE3,her2
mapk14,16,GENIE3,her2
pms2,15,GENIE3,her2
kdm3a,8,GENIE3,her2
srd5a1,11,GENIE3,her2
abcc10,12,GENIE3,her2
fbxw7,19,GENIE3,her2
hey2,2,GENIE3,her2
cyp19a1,5,GENIE3,her2
cbfb,29,GENIE3,her2
mecom,6,GENIE3,her2
bcas3,1,GENIE3,her2
fam20c,8,GENIE3,her2
ctnna1,16,GENIE3,her2
numbl,6,GENIE3,her2
mmp13,12,GENIE3,her2
sf3b1,27,GENIE3,her2
gdf11,17,GENIE3,her2
tsc2,7,GENIE3,her2
tnk2,19,GENIE3,her2
hdac9,6,GENIE3,her2
stat3,29,GENIE3,her2
rassf1,3,GENIE3,her2
psen2,5,GENIE3,her2
erbb2,6,GENIE3,her2
akt1s1,22,GENIE3,her2
smad4,18,GENIE3,her2
nfkb2,17,GENIE3,her2
cxcr1,8,GENIE3,her2
tubb1,2,GENIE3,her2
arid5b,23,GENIE3,her2
bmp7,3,GENIE3,her2
mmp25,4,GENIE3,her2
kdm5a,9,GENIE3,her2
tbl1xr1,18,GENIE3,her2
arid1a,19,GENIE3,her2
ptprm,10,GENIE3,her2
stat5a,4,GENIE3,her2
map2k2,17,GENIE3,her2
hdac2,7,GENIE3,her2
thsd7a,6,GENIE3,her2
acvr1,19,GENIE3,her2
ccnd1,8,GENIE3,her2
smarcd1,8,GENIE3,her2
casp8,13,GENIE3,her2
foxp1,20,GENIE3,her2
heyl,8,GENIE3,her2
st7,11,GENIE3,her2
acvr2b,18,GENIE3,her2
mlst8,8,GENIE3,her2
clk3,1,GENIE3,her2
rbl2,15,GENIE3,her2
prkcq,6,GENIE3,her2
mmp12,4,GENIE3,her2
adam17,16,GENIE3,her2
kdm6a,13,GENIE3,her2
smad2,6,GENIE3,her2
cdk2,6,GENIE3,her2
abcc1,3,GENIE3,her2
hsd17b1,4,GENIE3,her2
ctcf,12,GENIE3,her2
mapk6,25,GENIE3,her2
foxo3,3,GENIE3,her2
large1,3,GENIE3,her2
erbb4,12,GENIE3,her2
map3k5,5,GENIE3,her2
utrn,9,GENIE3,her2
rad51,12,GENIE3,her2
folr1,1,GENIE3,her2
asxl1,7,GENIE3,her2
shbg,5,GENIE3,her2
ccnd3,6,GENIE3,her2
nf2,10,GENIE3,her2
gsk3b,8,GENIE3,her2
arid2,7,GENIE3,her2
kmt2d,4,GENIE3,her2
mmp14,4,GENIE3,her2
prkg1,6,GENIE3,her2
hist1h2bc,4,GENIE3,her2
akt3,4,GENIE3,her2
tubb4b,3,GENIE3,her2
thada,5,GENIE3,her2
maml3,12,GENIE3,her2
l1cam,6,GENIE3,her2
ctbp2,3,GENIE3,her2
hsd17b3,6,GENIE3,her2
pdgfa,5,GENIE3,her2
mapk3,6,GENIE3,her2
asxl2,5,GENIE3,her2
ncoa2,7,GENIE3,her2
akt1,5,GENIE3,her2
palb2,7,GENIE3,her2
mmp21,1,GENIE3,her2
zfyve9,3,GENIE3,her2
map3k3,5,GENIE3,her2
afdn,8,GENIE3,her2
cyp21a2,8,GENIE3,her2
ncor2,13,GENIE3,her2
eif5a2,8,GENIE3,her2
vegfa,2,GENIE3,her2
ryr2,7,GENIE3,her2
hsd17b14,5,GENIE3,her2
sdc4,8,GENIE3,her2
kdr,1,GENIE3,her2
pbrm1,5,GENIE3,her2
bmpr1a,6,GENIE3,her2
mmp23b,2,GENIE3,her2
rbpj,4,GENIE3,her2
cyp3a5,3,GENIE3,her2
hsd3b1,4,GENIE3,her2
inha,8,GENIE3,her2
src,8,GENIE3,her2
akap9,2,GENIE3,her2
ar,4,GENIE3,her2
mmp15,5,GENIE3,her2
shank2,5,GENIE3,her2
gh1,4,GENIE3,her2
ugt2b15,6,GENIE3,her2
smad1,7,GENIE3,her2
hsd17b10,5,GENIE3,her2
clrn2,1,GENIE3,her2
notch2,6,GENIE3,her2
arl11,2,GENIE3,her2
flt3,2,GENIE3,her2
magea8,7,GENIE3,her2
map2k5,6,GENIE3,her2
dph1,1,GENIE3,her2
maml1,2,GENIE3,her2
wwox,2,GENIE3,her2
rps6kb2,3,GENIE3,her2
dll4,2,GENIE3,her2
raf1,2,GENIE3,her2
casp9,5,GENIE3,her2
rasgef1b,2,GENIE3,her2
stk11,8,GENIE3,her2
hsd17b13,1,GENIE3,her2
hras,6,GENIE3,her2
dnah11,3,GENIE3,her2
taf1,2,GENIE3,her2
inhbc,4,GENIE3,her2
or6a2,2,GENIE3,her2
pik3r3,3,GENIE3,her2
rad51c,3,GENIE3,her2
peg3,2,GENIE3,her2
setd2,3,GENIE3,her2
apc,1,GENIE3,her2
e2f6,1,GENIE3,her2
hes2,2,GENIE3,her2
tubb4a,5,GENIE3,her2
cyp17a1,2,GENIE3,her2
vegfb,1,GENIE3,her2
gldc,2,GENIE3,her2
bmf,1,GENIE3,her2
nr2f1,2,GENIE3,her2
hdac1,2,GENIE3,her2
tp53,1,GENIE3,her2
pde4dip,1,GENIE3,her2
akr1c4,15,ARACNE,basal
pdgfrb,24,ARACNE,basal
mmp11,7,ARACNE,basal
pms2,13,ARACNE,basal
adam10,15,ARACNE,basal
map2k1,20,ARACNE,basal
dll1,13,ARACNE,basal
utrn,12,ARACNE,basal
smad7,18,ARACNE,basal
ncoa2,13,ARACNE,basal
sf3b1,25,ARACNE,basal
nf2,6,ARACNE,basal
kdm3a,9,ARACNE,basal
nras,8,ARACNE,basal
fas,22,ARACNE,basal
abcc10,13,ARACNE,basal
eif4e,27,ARACNE,basal
itgav,14,ARACNE,basal
myc,15,ARACNE,basal
cdk6,19,ARACNE,basal
mecom,19,ARACNE,basal
kdm5a,14,ARACNE,basal
kdm6a,16,ARACNE,basal
jag1,14,ARACNE,basal
mapk9,10,ARACNE,basal
ccnd2,16,ARACNE,basal
nr1i2,7,ARACNE,basal
tp53,19,ARACNE,basal
bmp5,11,ARACNE,basal
peg3,21,ARACNE,basal
asxl1,4,ARACNE,basal
palb2,11,ARACNE,basal
hdac1,6,ARACNE,basal
erbb2,12,ARACNE,basal
notch3,15,ARACNE,basal
ttyh1,6,ARACNE,basal
mapk6,13,ARACNE,basal
hey1,17,ARACNE,basal
nfkb2,22,ARACNE,basal
nrarp,12,ARACNE,basal
map2,10,ARACNE,basal
dnah11,8,ARACNE,basal
l1cam,7,ARACNE,basal
akr1c2,19,ARACNE,basal
pten,15,ARACNE,basal
smad4,20,ARACNE,basal
mmp15,19,ARACNE,basal
folr1,10,ARACNE,basal
mmp1,11,ARACNE,basal
rbl1,10,ARACNE,basal
rad51,26,ARACNE,basal
fam20c,11,ARACNE,basal
akt1,10,ARACNE,basal
myh9,7,ARACNE,basal
mmp7,17,ARACNE,basal
kmt2d,8,ARACNE,basal
jak2,11,ARACNE,basal
rbl2,11,ARACNE,basal
akr1c1,6,ARACNE,basal
akt3,8,ARACNE,basal
adam17,15,ARACNE,basal
nt5e,10,ARACNE,basal
ctnna1,16,ARACNE,basal
frmd3,14,ARACNE,basal
thsd7a,8,ARACNE,basal
ccna1,9,ARACNE,basal
plagl1,13,ARACNE,basal
smad6,12,ARACNE,basal
bmp7,13,ARACNE,basal
tubb4a,6,ARACNE,basal
notch2,16,ARACNE,basal
mmp12,18,ARACNE,basal
bmf,20,ARACNE,basal
mapk4,8,ARACNE,basal
notch1,8,ARACNE,basal
gldc,14,ARACNE,basal
herc2,13,ARACNE,basal
hes2,11,ARACNE,basal
ryr2,5,ARACNE,basal
epcam,15,ARACNE,basal
shbg,7,ARACNE,basal
pdgfa,7,ARACNE,basal
smarcd1,7,ARACNE,basal
ccnd1,10,ARACNE,basal
maml1,8,ARACNE,basal
numbl,13,ARACNE,basal
mtor,9,ARACNE,basal
asxl2,9,ARACNE,basal
ccne1,12,ARACNE,basal
erbb4,10,ARACNE,basal
eif4ebp1,9,ARACNE,basal
heyl,10,ARACNE,basal
src,11,ARACNE,basal
psen2,10,ARACNE,basal
mapk14,10,ARACNE,basal
jak1,27,ARACNE,basal
acvr2b,13,ARACNE,basal
tbl1xr1,9,ARACNE,basal
mmp14,8,ARACNE,basal
fbxw7,8,ARACNE,basal
rassf1,7,ARACNE,basal
ccnb1,9,ARACNE,basal
eif5a2,13,ARACNE,basal
hey2,14,ARACNE,basal
ptprm,9,ARACNE,basal
dll3,9,ARACNE,basal
vegfa,7,ARACNE,basal
cxcr2,16,ARACNE,basal
tert,9,ARACNE,basal
thada,7,ARACNE,basal
bmpr1a,14,ARACNE,basal
stat5a,6,ARACNE,basal
bcl2l1,10,ARACNE,basal
e2f6,7,ARACNE,basal
map2k2,12,ARACNE,basal
cyp11a1,12,ARACNE,basal
clk3,6,ARACNE,basal
ncor2,7,ARACNE,basal
dph1,5,ARACNE,basal
pbrm1,4,ARACNE,basal
mlst8,5,ARACNE,basal
hdac2,14,ARACNE,basal
men1,4,ARACNE,basal
pik3r1,15,ARACNE,basal
arid5b,13,ARACNE,basal
ncoa3,16,ARACNE,basal
hdac9,7,ARACNE,basal
stat3,10,ARACNE,basal
mapk8,3,ARACNE,basal
akt1s1,8,ARACNE,basal
raf1,9,ARACNE,basal
folr3,8,ARACNE,basal
shank2,5,ARACNE,basal
acvr1,9,ARACNE,basal
ptk2,6,ARACNE,basal
abcc1,8,ARACNE,basal
srd5a1,1,ARACNE,basal
ncstn,7,ARACNE,basal
slc19a1,3,ARACNE,basal
spaca1,3,ARACNE,basal
hsd17b2,9,ARACNE,basal
tubb4b,6,ARACNE,basal
large1,4,ARACNE,basal
birc6,7,ARACNE,basal
hsd17b10,7,ARACNE,basal
cdk2,11,ARACNE,basal
arid1a,14,ARACNE,basal
ccnd3,7,ARACNE,basal
vegfb,4,ARACNE,basal
or6a2,3,ARACNE,basal
sik1,10,ARACNE,basal
e2f1,2,ARACNE,basal
mmp3,6,ARACNE,basal
gdf11,11,ARACNE,basal
rbpj,12,ARACNE,basal
map4,7,ARACNE,basal
magea8,5,ARACNE,basal
inhba,7,ARACNE,basal
adgra2,13,ARACNE,basal
pik3r3,6,ARACNE,basal
spry2,10,ARACNE,basal
e2f3,9,ARACNE,basal
col6a3,20,ARACNE,basal
cbfb,4,ARACNE,basal
dab2,16,ARACNE,basal
mmp19,7,ARACNE,basal
gsk3b,9,ARACNE,basal
runx1,14,ARACNE,basal
cyp19a1,8,ARACNE,basal
taf1,6,ARACNE,basal
hsd3b1,8,ARACNE,basal
prkcq,5,ARACNE,basal
gpr32,5,ARACNE,basal
mmp21,4,ARACNE,basal
mmp16,5,ARACNE,basal
abcb11,7,ARACNE,basal
fancd2,8,ARACNE,basal
apaf1,5,ARACNE,basal
spen,4,ARACNE,basal
map3k3,10,ARACNE,basal
setd2,5,ARACNE,basal
tnk2,10,ARACNE,basal
acvr1b,9,ARACNE,basal
map2k5,6,ARACNE,basal
sik2,7,ARACNE,basal
ctnna3,1,ARACNE,basal
stk11,2,ARACNE,basal
akap9,4,ARACNE,basal
e2f4,4,ARACNE,basal
mmp17,5,ARACNE,basal
nfkb1,3,ARACNE,basal
wfdc2,6,ARACNE,basal
hras,3,ARACNE,basal
acvr2a,5,ARACNE,basal
mmp27,3,ARACNE,basal
apc,3,ARACNE,basal
mmp23b,4,ARACNE,basal
akr1c2,9,ARACNE,luma
pdgfra,37,ARACNE,luma
ptprd,6,ARACNE,luma
col12a1,16,ARACNE,luma
hsd17b6,33,ARACNE,luma
cdkn1b,9,ARACNE,luma
zfp36l1,15,ARACNE,luma
sf3b1,23,ARACNE,luma
map4,35,ARACNE,luma
acvr2a,13,ARACNE,luma
mmp13,12,ARACNE,luma
pms2,23,ARACNE,luma
jak1,39,ARACNE,luma
mlst8,16,ARACNE,luma
kdm3a,13,ARACNE,luma
casp8,24,ARACNE,luma
heyl,14,ARACNE,luma
tnk2,27,ARACNE,luma
map2k2,44,ARACNE,luma
utrn,13,ARACNE,luma
ncor2,13,ARACNE,luma
chd1,9,ARACNE,luma
dab2,17,ARACNE,luma
mecom,10,ARACNE,luma
maml1,26,ARACNE,luma
syne1,23,ARACNE,luma
tsc2,18,ARACNE,luma
sik1,8,ARACNE,luma
ubr5,7,ARACNE,luma
eif5a2,17,ARACNE,luma
rassf1,4,ARACNE,luma
akt1s1,22,ARACNE,luma
spen,13,ARACNE,luma
adam10,22,ARACNE,luma
rbl2,11,ARACNE,luma
mapk14,24,ARACNE,luma
map2k4,8,ARACNE,luma
psen2,7,ARACNE,luma
afdn,26,ARACNE,luma
smad1,10,ARACNE,luma
hsd17b7,3,ARACNE,luma
palb2,6,ARACNE,luma
asxl2,22,ARACNE,luma
cxcr1,13,ARACNE,luma
mmp3,14,ARACNE,luma
smarcd1,25,ARACNE,luma
arid1a,21,ARACNE,luma
numbl,9,ARACNE,luma
bche,5,ARACNE,luma
ncstn,22,ARACNE,luma
arid5b,21,ARACNE,luma
ctcf,19,ARACNE,luma
ncor1,20,ARACNE,luma
igf1,23,ARACNE,luma
tgfbr3,7,ARACNE,luma
wfdc2,8,ARACNE,luma
arid2,8,ARACNE,luma
itgav,21,ARACNE,luma
mtor,16,ARACNE,luma
mmp16,8,ARACNE,luma
casp9,10,ARACNE,luma
ptprm,15,ARACNE,luma
runx1,15,ARACNE,luma
ctbp2,13,ARACNE,luma
map3k1,7,ARACNE,luma
acvrl1,18,ARACNE,luma
cyp19a1,9,ARACNE,luma
acvr2b,18,ARACNE,luma
abcc1,12,ARACNE,luma
ackr3,15,ARACNE,luma
spry2,22,ARACNE,luma
fbxw7,19,ARACNE,luma
myh9,13,ARACNE,luma
mmp19,17,ARACNE,luma
col6a3,28,ARACNE,luma
sdc4,18,ARACNE,luma
maml3,16,ARACNE,luma
eif4e,32,ARACNE,luma
taf1,22,ARACNE,luma
stk11,9,ARACNE,luma
birc6,16,ARACNE,luma
mmp27,6,ARACNE,luma
st7,15,ARACNE,luma
ncoa2,18,ARACNE,luma
fgf1,18,ARACNE,luma
myc,23,ARACNE,luma
gldc,3,ARACNE,luma
pbrm1,12,ARACNE,luma
kdm6a,22,ARACNE,luma
cdh1,4,ARACNE,luma
cyp11a1,11,ARACNE,luma
serpini1,7,ARACNE,luma
akap9,4,ARACNE,luma
tbl1xr1,8,ARACNE,luma
hsd3b1,6,ARACNE,luma
hsd17b3,2,ARACNE,luma
pde4dip,5,ARACNE,luma
foxp1,9,ARACNE,luma
thsd7a,14,ARACNE,luma
hes2,8,ARACNE,luma
dlec1,6,ARACNE,luma
nr1i2,3,ARACNE,luma
jak2,7,ARACNE,luma
prr16,4,ARACNE,luma
erbb4,10,ARACNE,luma
nrip1,3,ARACNE,luma
dll1,5,ARACNE,luma
stmn2,4,ARACNE,luma
bmp4,7,ARACNE,luma
pik3r3,3,ARACNE,luma
mmp24,4,ARACNE,luma
src,13,ARACNE,luma
tbx3,2,ARACNE,luma
mmp11,8,ARACNE,luma
sox9,3,ARACNE,luma
spaca1,1,ARACNE,luma
mapk3,4,ARACNE,luma
notch2,3,ARACNE,luma
cacna2d3,9,ARACNE,luma
kmt2d,4,ARACNE,luma
csf1r,10,ARACNE,luma
wwox,5,ARACNE,luma
prkcq,9,ARACNE,luma
hdac9,8,ARACNE,luma
clk3,2,ARACNE,luma
pik3r1,8,ARACNE,luma
mmp14,8,ARACNE,luma
flt3,4,ARACNE,luma
inhbc,4,ARACNE,luma
dll4,3,ARACNE,luma
or6a2,1,ARACNE,luma
mmp21,1,ARACNE,luma
dph1,4,ARACNE,luma
arl11,1,ARACNE,luma
cyp3a4,1,ARACNE,luma
cyp21a2,5,ARACNE,luma
map3k5,7,ARACNE,luma
fn1,11,ARACNE,luma
cxcr2,2,ARACNE,luma
cyp2c8,3,ARACNE,luma
smad2,4,ARACNE,luma
ryr2,2,ARACNE,luma
hsd17b14,2,ARACNE,luma
akr1c4,23,ARACNE,luma
nf2,7,ARACNE,luma
kdr,2,ARACNE,luma
apaf1,6,ARACNE,luma
acvr1,15,ARACNE,luma
inhba,2,ARACNE,luma
herc2,3,ARACNE,luma
hist1h2bc,2,ARACNE,luma
hsd17b4,8,ARACNE,luma
arid1b,2,ARACNE,luma
hes1,4,ARACNE,luma
mmp25,2,ARACNE,luma
vegfb,9,ARACNE,luma
mmp23b,1,ARACNE,luma
large1,3,ARACNE,luma
inha,7,ARACNE,luma
zfyve9,3,ARACNE,luma
clrn2,2,ARACNE,luma
akr1c1,2,ARACNE,luma
rad50,3,ARACNE,luma
nbn,2,ARACNE,luma
jag1,16,ARACNE,luma
hey1,4,ARACNE,luma
stat5a,1,ARACNE,luma
stat3,17,ARACNE,luma
setd2,15,ARACNE,luma
nr2f1,10,ARACNE,luma
smad7,24,ARACNE,luma
shank2,4,ARACNE,luma
rps6kb2,7,ARACNE,luma
prkg1,5,ARACNE,luma
bmf,10,ARACNE,luma
nfkb1,7,ARACNE,luma
pdgfa,11,ARACNE,luma
dnah11,1,ARACNE,luma
akt3,1,ARACNE,luma
gpr32,1,ARACNE,luma
mapk4,3,ARACNE,luma
apc,1,ARACNE,luma
col6a3,22,ARACNE,lumb
ptprd,14,ARACNE,lumb
fn1,19,ARACNE,lumb
hsd17b6,26,ARACNE,lumb
ppp2cb,30,ARACNE,lumb
mmp13,25,ARACNE,lumb
zfp36l1,22,ARACNE,lumb
heyl,14,ARACNE,lumb
hey2,5,ARACNE,lumb
epcam,25,ARACNE,lumb
eif4e,33,ARACNE,lumb
ptk2,16,ARACNE,lumb
cdkn1b,22,ARACNE,lumb
acvr1,19,ARACNE,lumb
notch3,19,ARACNE,lumb
pdgfrb,21,ARACNE,lumb
myh9,6,ARACNE,lumb
dll1,4,ARACNE,lumb
asxl1,23,ARACNE,lumb
hdac1,14,ARACNE,lumb
kdm3a,25,ARACNE,lumb
runx1,16,ARACNE,lumb
hey1,6,ARACNE,lumb
spen,22,ARACNE,lumb
tsc2,21,ARACNE,lumb
mapk3,11,ARACNE,lumb
map2k4,15,ARACNE,lumb
chd1,15,ARACNE,lumb
tnk2,33,ARACNE,lumb
mapk14,9,ARACNE,lumb
maml1,26,ARACNE,lumb
asxl2,23,ARACNE,lumb
rbl1,12,ARACNE,lumb
setd2,35,ARACNE,lumb
foxo3,21,ARACNE,lumb
ubr5,6,ARACNE,lumb
ncoa2,8,ARACNE,lumb
hdac9,9,ARACNE,lumb
acvr1b,24,ARACNE,lumb
smarcd1,24,ARACNE,lumb
nfkb1,13,ARACNE,lumb
eif4ebp1,11,ARACNE,lumb
rpgr,14,ARACNE,lumb
ncoa3,17,ARACNE,lumb
mtor,11,ARACNE,lumb
ackr3,13,ARACNE,lumb
ncstn,20,ARACNE,lumb
ctbp2,5,ARACNE,lumb
map2k2,21,ARACNE,lumb
herc2,16,ARACNE,lumb
mmp1,20,ARACNE,lumb
cdk2,8,ARACNE,lumb
syne1,27,ARACNE,lumb
cxcr1,7,ARACNE,lumb
vegfb,14,ARACNE,lumb
cacna2d3,12,ARACNE,lumb
taf1,9,ARACNE,lumb
ncor1,14,ARACNE,lumb
men1,24,ARACNE,lumb
ctcf,16,ARACNE,lumb
col12a1,16,ARACNE,lumb
cdh1,4,ARACNE,lumb
pms2,18,ARACNE,lumb
serpini1,12,ARACNE,lumb
kdm5a,13,ARACNE,lumb
smad1,7,ARACNE,lumb
bmf,8,ARACNE,lumb
csf1r,11,ARACNE,lumb
kmt2d,12,ARACNE,lumb
ncor2,13,ARACNE,lumb
thsd7a,10,ARACNE,lumb
map3k1,12,ARACNE,lumb
rad51c,17,ARACNE,lumb
sox9,4,ARACNE,lumb
cdkn1a,7,ARACNE,lumb
casp8,23,ARACNE,lumb
bcas3,11,ARACNE,lumb
afdn,14,ARACNE,lumb
tgfbr3,7,ARACNE,lumb
prkcq,21,ARACNE,lumb
numbl,11,ARACNE,lumb
mlst8,11,ARACNE,lumb
ptpn22,25,ARACNE,lumb
map3k3,14,ARACNE,lumb
raf1,22,ARACNE,lumb
zfyve9,3,ARACNE,lumb
inha,3,ARACNE,lumb
mmp24,6,ARACNE,lumb
sdc4,20,ARACNE,lumb
mmp16,11,ARACNE,lumb
hist1h2bc,9,ARACNE,lumb
smad2,3,ARACNE,lumb
nf2,6,ARACNE,lumb
src,11,ARACNE,lumb
st7,9,ARACNE,lumb
bcl2l1,15,ARACNE,lumb
bmp5,9,ARACNE,lumb
map2k5,12,ARACNE,lumb
bmp4,5,ARACNE,lumb
dph1,6,ARACNE,lumb
arid1a,14,ARACNE,lumb
akt3,2,ARACNE,lumb
hsd17b1,3,ARACNE,lumb
smad6,8,ARACNE,lumb
nr1i2,4,ARACNE,lumb
hsd17b14,8,ARACNE,lumb
pik3r1,10,ARACNE,lumb
pbrm1,5,ARACNE,lumb
itgb3,8,ARACNE,lumb
pten,3,ARACNE,lumb
hras,8,ARACNE,lumb
bmpr1a,3,ARACNE,lumb
palb2,11,ARACNE,lumb
hsd17b7,13,ARACNE,lumb
cyp2c8,7,ARACNE,lumb
lifr,15,ARACNE,lumb
tubb4b,20,ARACNE,lumb
wfdc2,6,ARACNE,lumb
mapk8,5,ARACNE,lumb
ugt2b15,1,ARACNE,lumb
apaf1,6,ARACNE,lumb
rasgef1b,2,ARACNE,lumb
hes1,1,ARACNE,lumb
bmp10,3,ARACNE,lumb
shank2,5,ARACNE,lumb
gldc,8,ARACNE,lumb
tubb1,3,ARACNE,lumb
pik3r3,4,ARACNE,lumb
stk11,3,ARACNE,lumb
peg3,12,ARACNE,lumb
mmp14,10,ARACNE,lumb
rad50,3,ARACNE,lumb
prkg1,2,ARACNE,lumb
bche,13,ARACNE,lumb
utrn,11,ARACNE,lumb
folr3,3,ARACNE,lumb
flt3,3,ARACNE,lumb
clk3,3,ARACNE,lumb
kdr,2,ARACNE,lumb
arid5b,12,ARACNE,lumb
rps6kb2,5,ARACNE,lumb
mmp25,1,ARACNE,lumb
cyp3a4,2,ARACNE,lumb
dll4,1,ARACNE,lumb
e2f1,3,ARACNE,lumb
large1,2,ARACNE,lumb
birc6,7,ARACNE,lumb
psen2,3,ARACNE,lumb
nbn,4,ARACNE,lumb
casp9,3,ARACNE,lumb
mapk6,22,ARACNE,lumb
akr1c1,4,ARACNE,lumb
arl11,1,ARACNE,lumb
dll3,6,ARACNE,lumb
magea8,2,ARACNE,lumb
wwox,4,ARACNE,lumb
fgf1,9,ARACNE,lumb
ptprm,14,ARACNE,lumb
hdac2,12,ARACNE,lumb
arid2,14,ARACNE,lumb
abcc1,5,ARACNE,lumb
eif5a2,12,ARACNE,lumb
hsd17b10,3,ARACNE,lumb
e2f4,11,ARACNE,lumb
tbx3,1,ARACNE,lumb
jak2,9,ARACNE,lumb
abcb11,2,ARACNE,lumb
rbl2,4,ARACNE,lumb
nrarp,5,ARACNE,lumb
rassf1,5,ARACNE,lumb
thada,4,ARACNE,lumb
mmp21,4,ARACNE,lumb
stat3,3,ARACNE,lumb
cyp19a1,8,ARACNE,lumb
akap9,7,ARACNE,lumb
ccnd3,10,ARACNE,lumb
inhba,2,ARACNE,lumb
or6a2,2,ARACNE,lumb
gpr32,2,ARACNE,lumb
arid1b,3,ARACNE,lumb
inhbc,2,ARACNE,lumb
ctnna3,2,ARACNE,lumb
clrn2,2,ARACNE,lumb
tp53,1,ARACNE,lumb
cxcr2,3,ARACNE,lumb
dlec1,5,ARACNE,lumb
gdf11,2,ARACNE,lumb
shbg,4,ARACNE,lumb
cyp17a1,2,ARACNE,lumb
notch2,5,ARACNE,lumb
tbl1xr1,2,ARACNE,lumb
e2f6,1,ARACNE,lumb
mmp17,1,ARACNE,lumb
hsd17b3,1,ARACNE,lumb
akr1c4,12,ARACNE,her2
adam10,39,ARACNE,her2
itgav,34,ARACNE,her2
eif4e,34,ARACNE,her2
mapk9,21,ARACNE,her2
mapk6,20,ARACNE,her2
kdm6a,8,ARACNE,her2
map4,36,ARACNE,her2
fn1,13,ARACNE,her2
stat3,17,ARACNE,her2
map2k1,30,ARACNE,her2
hsd17b6,33,ARACNE,her2
rbl2,9,ARACNE,her2
acvr2b,21,ARACNE,her2
col12a1,19,ARACNE,her2
jak1,38,ARACNE,her2
akt1s1,29,ARACNE,her2
mapk14,17,ARACNE,her2
sf3b1,21,ARACNE,her2
kdm3a,6,ARACNE,her2
foxp1,14,ARACNE,her2
cbfb,21,ARACNE,her2
afdn,12,ARACNE,her2
rad51,18,ARACNE,her2
mmp13,16,ARACNE,her2
gdf11,18,ARACNE,her2
epcam,8,ARACNE,her2
arid1a,16,ARACNE,her2
tnk2,15,ARACNE,her2
tbl1xr1,20,ARACNE,her2
adam17,21,ARACNE,her2
abcc10,16,ARACNE,her2
ctnna1,18,ARACNE,her2
nfkb2,30,ARACNE,her2
hras,9,ARACNE,her2
map2k2,19,ARACNE,her2
casp8,12,ARACNE,her2
ccnb1,7,ARACNE,her2
fam20c,9,ARACNE,her2
mmp1,5,ARACNE,her2
ctcf,16,ARACNE,her2
stk11,10,ARACNE,her2
gsk3b,22,ARACNE,her2
smad4,24,ARACNE,her2
fbxw7,18,ARACNE,her2
ubr5,11,ARACNE,her2
foxo3,6,ARACNE,her2
utrn,20,ARACNE,her2
birc6,15,ARACNE,her2
acvr1,14,ARACNE,her2
smad1,14,ARACNE,her2
ptprm,9,ARACNE,her2
hsd17b2,8,ARACNE,her2
maml3,25,ARACNE,her2
nf2,21,ARACNE,her2
akr1c2,3,ARACNE,her2
hist1h2bc,5,ARACNE,her2
asxl1,15,ARACNE,her2
arid5b,16,ARACNE,her2
kmt2d,5,ARACNE,her2
dll4,2,ARACNE,her2
src,10,ARACNE,her2
st7,17,ARACNE,her2
erbb4,19,ARACNE,her2
prkg1,10,ARACNE,her2
cyp3a5,7,ARACNE,her2
map2k5,6,ARACNE,her2
srd5a1,9,ARACNE,her2
cyp17a1,3,ARACNE,her2
ptk2,6,ARACNE,her2
hdac2,15,ARACNE,her2
eif5a2,10,ARACNE,her2
tsc2,27,ARACNE,her2
map3k5,8,ARACNE,her2
pdgfa,15,ARACNE,her2
hdac1,7,ARACNE,her2
tubb4b,10,ARACNE,her2
cyp21a2,20,ARACNE,her2
pms2,24,ARACNE,her2
heyl,18,ARACNE,her2
ccnd3,14,ARACNE,her2
mmp15,7,ARACNE,her2
inha,4,ARACNE,her2
tubb1,7,ARACNE,her2
map3k3,8,ARACNE,her2
arl11,5,ARACNE,her2
dnah11,3,ARACNE,her2
ctbp2,7,ARACNE,her2
ugt2b15,7,ARACNE,her2
raf1,7,ARACNE,her2
prkcq,10,ARACNE,her2
inhbc,5,ARACNE,her2
clrn2,7,ARACNE,her2
peg3,8,ARACNE,her2
smad2,4,ARACNE,her2
casp9,10,ARACNE,her2
apc,6,ARACNE,her2
sdc4,16,ARACNE,her2
psen2,10,ARACNE,her2
ncoa2,15,ARACNE,her2
rasgef1b,4,ARACNE,her2
smad7,25,ARACNE,her2
bmp7,3,ARACNE,her2
hsd17b3,6,ARACNE,her2
hsd17b1,6,ARACNE,her2
hes2,5,ARACNE,her2
nr2f1,6,ARACNE,her2
bcas3,7,ARACNE,her2
erbb2,7,ARACNE,her2
pik3r3,8,ARACNE,her2
maml1,6,ARACNE,her2
rad51c,7,ARACNE,her2
folr1,1,ARACNE,her2
thada,8,ARACNE,her2
abcc1,4,ARACNE,her2
mmp14,6,ARACNE,her2
tubb4a,4,ARACNE,her2
kdr,9,ARACNE,her2
tert,4,ARACNE,her2
ryr2,3,ARACNE,her2
numbl,5,ARACNE,her2
pbrm1,6,ARACNE,her2
kdm5a,14,ARACNE,her2
bmpr1a,26,ARACNE,her2
mlst8,8,ARACNE,her2
bmp10,4,ARACNE,her2
ncor2,13,ARACNE,her2
mmp23b,9,ARACNE,her2
cyp19a1,5,ARACNE,her2
hey2,3,ARACNE,her2
hdac9,7,ARACNE,her2
rassf1,6,ARACNE,her2
arid2,11,ARACNE,her2
hsd3b1,3,ARACNE,her2
gh1,5,ARACNE,her2
l1cam,1,ARACNE,her2
tp53,4,ARACNE,her2
shbg,2,ARACNE,her2
arid1b,1,ARACNE,her2
shank2,7,ARACNE,her2
palb2,4,ARACNE,her2
pde4dip,4,ARACNE,her2
akr1c1,3,ARACNE,her2
cyp3a4,2,ARACNE,her2
mmp21,2,ARACNE,her2
apaf1,3,ARACNE,her2
bmf,6,ARACNE,her2
acvr2a,7,ARACNE,her2
ccnd1,12,ARACNE,her2
cxcr1,3,ARACNE,her2
mmp25,3,ARACNE,her2
e2f1,4,ARACNE,her2
mtor,4,ARACNE,her2
thsd7a,4,ARACNE,her2
mmp12,6,ARACNE,her2
zfp36l1,11,ARACNE,her2
notch2,7,ARACNE,her2
mmp3,7,ARACNE,her2
or6a2,8,ARACNE,her2
gldc,5,ARACNE,her2
hsd17b14,7,ARACNE,her2
inhba,3,ARACNE,her2
chd1,16,ARACNE,her2
fgf1,9,ARACNE,her2
asxl2,4,ARACNE,her2
hsd17b10,7,ARACNE,her2
vegfa,4,ARACNE,her2
mecom,10,ARACNE,her2
large1,1,ARACNE,her2
rbpj,2,ARACNE,her2
ush2a,2,ARACNE,her2
rps6kb2,9,ARACNE,her2
bmp4,6,ARACNE,her2
hsd17b13,2,ARACNE,her2
setd2,6,ARACNE,her2
stat5a,9,ARACNE,her2
abcb11,2,ARACNE,her2
akt1,5,ARACNE,her2
wwox,9,ARACNE,her2
magea8,3,ARACNE,her2
smarcd1,5,ARACNE,her2
ar,3,ARACNE,her2
akap9,6,ARACNE,her2
taf1,2,ARACNE,her2
mapk3,7,ARACNE,her2
cdk2,9,ARACNE,her2
akt3,3,ARACNE,her2
spaca1,7,ARACNE,her2
mmp17,1,ARACNE,her2
e2f6,1,ARACNE,her2
vegfb,2,ARACNE,her2
clk3,1,ARACNE,her2
slc19a1,9,ARACNE,her2
zfyve9,2,ARACNE,her2
cxcr2,3,ARACNE,her2
dph1,2,ARACNE,her2
gpr32,5,ARACNE,her2
nbn,1,ARACNE,her2
